Date,Relinquished
2023-01-08,"Hendriks, Liam"
2023-01-11,"Story, Trevor"
2023-01-13,"Martin, Brett"
2023-02-15,"Mize, Casey"
2023-02-16,"Daniel, Davis"
2023-02-16,"Treinen, Blake"
2023-02-16,"Feyereisen, J.P."
2023-02-16,"Buehler, Walker"
2023-02-16,"Rosario, Eguy"
2023-02-16,"Kittredge, Andrew"
2023-02-16,"Story, Trevor"
2023-02-17,"Roberts, Ethan"
2023-02-17,"Martin, Brett"
2023-02-17,"Mize, Casey"
2023-02-18,"Alexander, Jason"
2023-02-20,"Heuer, Codi"
2023-02-22,"Gutierrez, Vladimir"
2023-02-22,"Rortvedt, Ben"
2023-02-22,"Montas, Frankie"
2023-02-23,"Paddack, Chris"
2023-02-26,"Lewis, Royce"
2023-02-28,"Lux, Gavin"
2023-02-28,"Celestino, Gilberto"
2023-03-04,"Kinley, Tyler"
2023-03-07,"Lux, Gavin"
2023-03-07,"Gilbreath, Lucas"
2023-03-07,"Celestino, Gilberto"
2023-03-08,"Kranick, Max"
2023-03-10,"Stammen, Craig"
2023-03-14,"Gonzalez, Luis"
2023-03-14,"Quintana, Jose"
2023-03-14,"Skubal, Tarik"
2023-03-15,"Bender, Anthony"
2023-03-15,"Diaz, Edwin"
2023-03-15,"Kittredge, Andrew"
2023-03-15,"Zerpa, Angel"
2023-03-16,"Diaz, Edwin"
2023-03-16,"Cavalli, Cade"
2023-03-19,"Altuve, Jose"
2023-03-21,"Gilbreath, Lucas"
2023-03-22,"Altuve, Jose"
2023-03-25,"Rodgers, Brendan"
2023-03-25,"Rolison, Ryan"
2023-03-25,"Bouchard, Sean"
2023-03-26,"Snead, Kirby"
2023-03-27,"Wright, Kyle"
2023-03-27,"Pacheco, Freddy"
2023-03-29,"Rodriguez, Chris"
2023-03-29,"Canning, Griffin"
2023-03-29,"Walsh, Jared"
2023-03-29,"Marte, Jose"
2023-03-29,"Stassi, Max"
2023-03-29,"Green, Chad"
2023-03-29,"Ashby, Aaron"
2023-03-29,"Houser, Adrian"
2023-03-29,"Wilson, Justin"
2023-03-29,"Taylor, Tyrone"
2023-03-29,"Moore, Dylan"
2023-03-29,"Montes, Bryce"
2023-03-29,"Williams, Matt"
2023-03-29,"Hoskins, Rhys"
2023-03-29,"Howard, Spencer"
2023-03-29,"Baz, Shane"
2023-03-29,"Armstrong, Shawn"
2023-03-29,"Glasnow, Tyler"
2023-03-30,"Taylor, Blake"
2023-03-30,"Altuve, Jose"
2023-03-30,"McCullers, Lance"
2023-03-30,"Brantley, Michael"
2023-03-30,"Mushinski, Parker"
2023-03-30,"Rucinski, Drew"
2023-03-30,"Tarnok, Freddy"
2023-03-30,"Pina, Manny"
2023-03-30,"Blackburn, Paul"
2023-03-30,"Ryu, Hyun-Jin"
2023-03-30,"White, Mitch"
2023-03-30,"Ynoa, Huascar"
2023-03-30,"Allard, Kolby"
2023-03-30,"Iglesias, Raisel"
2023-03-30,"Matzek, Tyler"
2023-03-30,"Wainwright, Adam"
2023-03-30,"DeJong, Paul"
2023-03-30,"Rodriguez, Wilking"
2023-03-30,"Hughes, Brandon"
2023-03-30,"Hendricks, Kyle"
2023-03-30,"Suzuki, Seiya"
2023-03-30,"Kelly, Carson"
2023-03-30,"Martin, Corbin"
2023-03-30,"Mantiply, Joe"
2023-03-30,"Melancon, Mark"
2023-03-30,"Reyes, Alex"
2023-03-30,"Hudson, Daniel"
2023-03-30,"Lux, Gavin"
2023-03-30,"Nelson, Jimmy"
2023-03-30,"Pepiot, Ryan"
2023-03-30,"Gonsolin, Tony"
2023-03-30,"Slater, Austin"
2023-03-30,"Gonzalez, Luis"
2023-03-30,"Jackson, Luke"
2023-03-30,"Haniger, Mitch"
2023-03-30,"Szapucki, Thomas"
2023-03-30,"Morris, Cody"
2023-03-30,"Hentges, Sam"
2023-03-30,"McKenzie, Triston"
2023-03-30,"Trammell, Taylor"
2023-03-30,"Meyer, Max"
2023-03-30,"Enright, Nic"
2023-03-30,"Okert, Steven"
2023-03-30,"Nance, Tommy"
2023-03-30,"Montes, Bryce"
2023-03-30,"Diaz, Edwin"
2023-03-30,"Hernandez, Elieser"
2023-03-30,"Quintana, Jose"
2023-03-30,"Coonrod, Sam"
2023-03-30,"Ridings, Stephen"
2023-03-30,"Cavalli, Cade"
2023-03-30,"Kieboom, Carter"
2023-03-30,"Pineda, Israel"
2023-03-30,"Strasburg, Stephen"
2023-03-30,"Rainey, Tanner"
2023-03-30,"Arano, Victor"
2023-03-30,"Tate, Dillon"
2023-03-30,"McCann, James"
2023-03-30,"Means, John"
2023-03-30,"Givens, Mychal"
2023-03-30,"Engel, Adam"
2023-03-30,"Morejon, Adrian"
2023-03-30,"Pomeranz, Drew"
2023-03-30,"Musgrove, Joe"
2023-03-30,"Castillo, Jose"
2023-03-30,"Suarez, Robert"
2023-03-30,"Harper, Bryce"
2023-03-30,"Sanchez, Cristopher"
2023-03-30,"Nelson, Nick"
2023-03-30,"Song, Noah"
2023-03-30,"Marchan, Rafael"
2023-03-30,"Suarez, Ranger"
2023-03-30,"Hoskins, Rhys"
2023-03-30,"Brubaker, J.T."
2023-03-30,"Garcia, Jarlin"
2023-03-30,"Otto, Glenn"
2023-03-30,"Odorizzi, Jake"
2023-03-30,"Sborz, Josh"
2023-03-30,"Taveras, Leody"
2023-03-30,"Bello, Brayan"
2023-03-30,"Whitlock, Garrett"
2023-03-30,"Paxton, James"
2023-03-30,"Rodriguez, Joely"
2023-03-30,"Mondesi, Adalberto"
2023-03-30,"Mills, Wyatt"
2023-03-30,"Votto, Joey"
2023-03-30,"Dunn, Justin"
2023-03-30,"Sims, Lucas"
2023-03-30,"Weaver, Luke"
2023-03-30,"Senzel, Nick"
2023-03-30,"Antone, Tejay"
2023-03-30,"Santillan, Tony"
2023-03-30,"Senzatela, Antonio"
2023-03-30,"Bard, Daniel"
2023-03-30,"Grichuk, Randal"
2023-03-30,"Lynch, Daniel"
2023-03-30,"Waters, Drew"
2023-03-30,"Brentz, Jake"
2023-03-30,"Brieske, Beau"
2023-03-30,"Lorenzen, Michael"
2023-03-30,"Nevin, Tyler"
2023-03-30,"Kirilloff, Alex"
2023-03-30,"Celestino, Gilberto"
2023-03-30,"Polanco, Jorge"
2023-03-30,"Winder, Josh"
2023-03-30,"Henriquez, Ronny"
2023-03-30,"Crochet, Garrett"
2023-03-30,"Hendriks, Liam"
2023-03-30,"Foster, Matt"
2023-03-30,"Rortvedt, Ben"
2023-03-30,"Rodon, Carlos"
2023-03-30,"Montas, Frankie"
2023-03-30,"Bader, Harrison"
2023-03-30,"Trivino, Lou"
2023-03-30,"Gil, Luis"
2023-03-30,"Severino, Luis"
2023-03-30,"Effross, Scott"
2023-03-30,"Kahnle, Tommy"
2023-03-30,"Hernandez, Diego"
2023-03-31,"Martin, Corbin"
2023-03-31,"Verlander, Justin"
2023-03-31,"Stephenson, Robert"
2023-04-01,"Fried, Max"
2023-04-01,"Wilson, Justin"
2023-04-01,"Urias, Luis"
2023-04-01,"Gallegos, Giovanny"
2023-04-01,"Nootbaar, Lars"
2023-04-01,"Contreras, Willson"
2023-04-01,"Bishop, Hunter"
2023-04-01,"Jackson, Luke"
2023-04-01,"Ray, Robbie"
2023-04-02,"Muncy, Max"
2023-04-02,"Bart, Joey"
2023-04-02,"Dickerson, Corey"
2023-04-02,"Brubaker, J.T."
2023-04-03,"Nootbaar, Lars"
2023-04-03,"Enright, Nic"
2023-04-03,"Henderson, Gunnar"
2023-04-03,"Montas, Frankie"
2023-04-04,"Fried, Max"
2023-04-04,"Vargas, Miguel"
2023-04-04,"Wendle, Joey"
2023-04-04,"Cueto, Johnny"
2023-04-04,"Montes, Bryce"
2023-04-04,"Hunter, Tommy"
2023-04-04,"Henderson, Gunnar"
2023-04-04,"Harrison, Josh"
2023-04-04,"Hedges, Austin"
2023-04-04,"Smith, Josh"
2023-04-04,"Barrero, Jose"
2023-04-05,"Ryu, Hyun-Jin"
2023-04-05,"Estrada, Thairo"
2023-04-05,"Bradish, Kyle"
2023-04-05,"Marsh, Brandon"
2023-04-05,"Jimenez, Eloy"
2023-04-06,"McHugh, Collin"
2023-04-06,"Rojas, Miguel"
2023-04-06,"Coonrod, Sam"
2023-04-06,"Canterino, Matt"
2023-04-07,"Harris, Michael"
2023-04-07,"Sulser, Cole"
2023-04-07,"Narvaez, Omar"
2023-04-07,"Hall, Darick"
2023-04-07,"Odorizzi, Jake"
2023-04-08,"Naughton, Packy"
2023-04-08,"Lewis, Kyle"
2023-04-08,"Perez, Roberto"
2023-04-08,"Stallings, Jacob"
2023-04-08,"Garcia, Luis"
2023-04-08,"Dahl, David"
2023-04-08,"Siri, Jose"
2023-04-08,"Meadows, Austin"
2023-04-08,"Gallo, Joey"
2023-04-08,"Kepler, Max"
2023-04-08,"Loaisiga, Jonathan"
2023-04-08,"Donaldson, Josh"
2023-04-08,"Kahnle, Tommy"
2023-04-09,"d'Arnaud, Travis"
2023-04-09,"Ashby, Aaron"
2023-04-09,"Sulser, Cole"
2023-04-09,"Melancon, Mark"
2023-04-09,"Davies, Zach"
2023-04-09,"Munoz, Andres"
2023-04-09,"Dahl, David"
2023-04-09,"Cruz, Oneil"
2023-04-09,"White, Evan"
2023-04-10,"Brown, Seth"
2023-04-10,"Civale, Aaron"
2023-04-10,"McKenzie, Triston"
2023-04-10,"Garcia, Avisail"
2023-04-10,"Chargois, J.T."
2023-04-10,"Cruz, Oneil"
2023-04-10,"Garver, Mitch"
2023-04-10,"Howard, Spencer"
2023-04-10,"Duvall, Adam"
2023-04-10,"Correa, Carlos"
2023-04-10,"Kelly, Joe"
2023-04-10,"Moncada, Yoan"
2023-04-11,"Woodruff, Brandon"
2023-04-11,"Winker, Jesse"
2023-04-11,"Carlson, Dylan"
2023-04-11,"Quintana, Jose"
2023-04-11,"Vargas, Ildemaro"
2023-04-11,"Cruz, Oneil"
2023-04-11,"Eflin, Zach"
2023-04-11,"Gallo, Joey"
2023-04-11,"Anderson, Tim"
2023-04-12,"Acevedo, Domingo"
2023-04-12,"Swanson, Dansby"
2023-04-12,"Brubaker, J.T."
2023-04-12,"Seager, Corey"
2023-04-12,"Yoshida, Masataka"
2023-04-12,"Montero, Elehuris"
2023-04-12,"Marquez, German"
2023-04-12,"Manning, Matt"
2023-04-12,"LeMahieu, D.J."
2023-04-13,"Tarnok, Freddy"
2023-04-13,"Chapman, Matt"
2023-04-13,"Anderson, Ian"
2023-04-13,"Baz, Shane"
2023-04-13,"Kelly, Zack"
2023-04-13,"Kyle, (James)"
2023-04-13,"Celestino, Gilberto"
2023-04-14,"Arcia, Orlando"
2023-04-14,"Ashby, Aaron"
2023-04-14,"Smith, Will"
2023-04-14,"Johnson, Bryce"
2023-04-14,"Arraez, Luis"
2023-04-14,"De, Chase"
2023-04-14,"Foster, Matt"
2023-04-14,"Moncada, Yoan"
2023-04-15,"Rodriguez, Chris"
2023-04-15,"McCormick, Chas"
2023-04-15,"Pederson, Joc"
2023-04-15,"Conforto, Michael"
2023-04-15,"Nogosek, Steve"
2023-04-15,"Choi, Ji-Man"
2023-04-15,"Thompson, Ryan"
2023-04-15,"Overton, Connor"
2023-04-16,"Ryan, (Dennis)"
2023-04-16,"Varland, Gus"
2023-04-16,"Winker, Jesse"
2023-04-16,"Reyes, Alex"
2023-04-16,"Smith, Will"
2023-04-16,"Rosario, Amed"
2023-04-16,"Scherzer, Max"
2023-04-16,"Urias, Ramon"
2023-04-16,"Campusano-Bracero, Luis"
2023-04-16,"Sosa, Edmundo"
2023-04-16,"Zastryzny, Rob"
2023-04-16,"Martin, Chris"
2023-04-16,"Mills, Wyatt"
2023-04-16,"Kelly, Zack"
2023-04-16,"Bubic, Kris"
2023-04-16,"Alberto, Hanser"
2023-04-16,"Stanton, Mike"
2023-04-17,"Peterson, Jace"
2023-04-17,"Luetge, Lucas"
2023-04-17,"Haggerty, Sam"
2023-04-17,"Garcia, Avisail"
2023-04-17,"Locastro, Tim"
2023-04-17,"Campusano-Bracero, Luis"
2023-04-17,"Armstrong, Shawn"
2023-04-17,"Steer, Spencer"
2023-04-18,"McCormick, Chas"
2023-04-18,"Jimenez, Dany"
2023-04-18,"Urias, Luis"
2023-04-18,"Donovan, Brendan"
2023-04-18,"Hudson, Daniel"
2023-04-18,"Carrasco, Carlos"
2023-04-18,"Springs, Jeffrey"
2023-04-18,"Arroyo, Christian"
2023-04-19,"Rooker, Brent"
2023-04-19,"Jimenez, Dany"
2023-04-19,"Laureano, Ramon"
2023-04-19,"May, Trevor"
2023-04-19,"Mitchell, Garrett"
2023-04-19,"Rojas, Miguel"
2023-04-19,"Wood, Alex"
2023-04-19,"Freeman, Tyler"
2023-04-19,"Crismatt, Nabil"
2023-04-20,"Taillon, Jameson"
2023-04-20,"Taylor, Chris"
2023-04-20,"Marte, Starling"
2023-04-20,"Suarez, Robert"
2023-04-21,"O'Hoppe, Logan"
2023-04-21,"Grove, Michael"
2023-04-21,"Pepiot, Ryan"
2023-04-21,"Crawford, Brandon"
2023-04-21,"Rogers, Trevor"
2023-04-21,"Foster, Matt"
2023-04-22,"Alcantara, Sandy"
2023-04-22,"Nance, Tommy"
2023-04-22,"Bellatti, Andrew"
2023-04-22,"Springs, Jeffrey"
2023-04-22,"Wingenter, Trey"
2023-04-23,"Walker, Christian"
2023-04-23,"Choi, Ji-Man"
2023-04-23,"McGuire, Reese"
2023-04-23,"Bryant, Kris"
2023-04-24,"Alvarez, Yordan"
2023-04-24,"Martinez, Adrian"
2023-04-24,"Cimber, Adam"
2023-04-24,"Bush, Matt"
2023-04-24,"Ruf, Darin"
2023-04-24,"Arraez, Luis"
2023-04-24,"Springs, Jeffrey"
2023-04-24,"McMahon, Ryan"
2023-04-24,"Daza, Yonathan"
2023-04-24,"Melendez, M.J."
2023-04-25,"Martinez, J.D."
2023-04-25,"Bart, Joey"
2023-04-25,"Uceta, Edwin"
2023-04-25,"Chang, Yu"
2023-04-26,"Warren, Austin"
2023-04-26,"Yastrzemski, Mike"
2023-04-26,"Ray, Robbie"
2023-04-26,"Hays, Austin"
2023-04-26,"Crowe, Wil"
2023-04-26,"Myers, Wil"
2023-04-26,"Bubic, Kris"
2023-04-26,"Perez, Salvador"
2023-04-26,"Taylor, Michael"
2023-04-27,"Jung, Josh"
2023-04-27,"Jankowski, Travis"
2023-04-27,"Myers, Wil"
2023-04-27,"Baez, Javier"
2023-04-28,"O'Neill, Tyler"
2023-04-28,"Martinez, J.D."
2023-04-28,"Whitlock, Garrett"
2023-04-28,"Santillan, Tony"
2023-04-28,"Marquez, German"
2023-04-28,"Maeda, Kenta"
2023-04-28,"Judge, Aaron"
2023-04-29,"Quijada, Jose"
2023-04-29,"O'Hoppe, Logan"
2023-04-29,"Hughes, Brandon"
2023-04-29,"Raley, Brooks"
2023-04-29,"Pache, Cristian"
2023-04-29,"Crowe, Wil"
2023-04-29,"deGrom, Jacob"
2023-04-29,"Hernandez, Kike"
2023-04-29,"Carpenter, Kerry"
2023-04-29,"Manning, Matt"
2023-04-29,"Maeda, Kenta"
2023-04-29,"Benintendi, Andrew"
2023-04-29,"Trivino, Lou"
2023-04-30,"Mitchell, Garrett"
2023-04-30,"Carroll, Corbin"
2023-04-30,"McGee, Easton"
2023-04-30,"Rodriguez, Julio"
2023-04-30,"Cruz, Fernando"
2023-04-30,"Davis, Noah"
2023-04-30,"Bauers, Jake"
2023-05-01,"Urquidy, Jose"
2023-05-01,"Springer, George"
2023-05-01,"Crawford, Brandon"
2023-05-01,"Yastrzemski, Mike"
2023-05-01,"Ridings, Stephen"
2023-05-01,"Kuhl, Chad"
2023-05-01,"Jansen, Kenley"
2023-05-01,"Meadows, Austin"
2023-05-01,"Mahle, Tyler"
2023-05-01,"Lopez, Reynaldo"
2023-05-01,"Judge, Aaron"
2023-05-02,"Garcia, Luis"
2023-05-02,"Diaz, Aledmys"
2023-05-02,"Gomes, Yan"
2023-05-02,"Thompson, Trayce"
2023-05-02,"Garcia, Avisail"
2023-05-02,"Cooper, Garrett"
2023-05-02,"Marquez, German"
2023-05-02,"Lopez, Nicky"
2023-05-02,"Gonzalez, Romy"
2023-05-03,"Rodriguez, Wilking"
2023-05-03,"Gomes, Yan"
2023-05-03,"Cooper, Garrett"
2023-05-03,"Fairbanks, Pete"
2023-05-03,"Bubic, Kris"
2023-05-03,"Miguel, (Jose)"
2023-05-03,"Mahle, Tyler"
2023-05-03,"Trivino, Lou"
2023-05-04,"Wright, Kyle"
2023-05-04,"Narvaez, Omar"
2023-05-04,"Hays, Austin"
2023-05-04,"Lowe, Brandon"
2023-05-04,"Verdugo, Alex"
2023-05-04,"Crawford, Kutter"
2023-05-04,"Lamet, Dinelson"
2023-05-04,"Burger, Jake"
2023-05-04,"Sampson, Adrian"
2023-05-05,"Loup, Aaron"
2023-05-05,"Warren, Austin"
2023-05-05,"Garcia, Luis"
2023-05-05,"Pop, Zach"
2023-05-05,"Adrianza, Ehire"
2023-05-05,"Harris, Michael"
2023-05-05,"Woodford, Jake"
2023-05-05,"O'Neill, Tyler"
2023-05-05,"Rodriguez, Wilking"
2023-05-05,"Azocar, Jose"
2023-05-05,"McCutchen, Andrew"
2023-05-05,"Velasquez, Vince"
2023-05-05,"Crawford, Kutter"
2023-05-05,"Isbel, Kyle"
2023-05-05,"Thielbar, Caleb"
2023-05-05,"Mahle, Tyler"
2023-05-05,"Peraza, Oswald"
2023-05-06,"Guerrero, Vladimir"
2023-05-06,"Helsley, Ryan"
2023-05-06,"Murfee, Penn"
2023-05-06,"Candelario, Jeimer"
2023-05-06,"Duvall, Adam"
2023-05-06,"Fraley, Jake"
2023-05-06,"Jimenez, Eloy"
2023-05-07,"Wong, Kolten"
2023-05-07,"Robles, Victor"
2023-05-07,"Arroyo, Christian"
2023-05-07,"Jimenez, Eloy"
2023-05-08,"Quijada, Jose"
2023-05-08,"Suarez, Jose"
2023-05-08,"Arenado, Nolan"
2023-05-08,"Crawford, J.P."
2023-05-08,"Robles, Victor"
2023-05-08,"Cleavinger, Garrett"
2023-05-08,"Yarbrough, Ryan"
2023-05-09,"Wallach, Chad"
2023-05-09,"Laureano, Ramon"
2023-05-09,"Fried, Max"
2023-05-09,"Yacabonis, Jimmy"
2023-05-09,"Scherzer, Max"
2023-05-09,"Urias, Ramon"
2023-05-09,"Alvarado, Jose"
2023-05-09,"Jankowski, Travis"
2023-05-09,"Lodolo, Nick"
2023-05-09,"Sanmartin, Reiver"
2023-05-09,"Peraza, Oswald"
2023-05-10,"McCormick, Chas"
2023-05-10,"Dubon, Mauricio"
2023-05-10,"Springer, George"
2023-05-10,"Hoerner, Nico"
2023-05-10,"Hernandez, Elieser"
2023-05-10,"Nido, Tomas"
2023-05-10,"Alvarado, Jose"
2023-05-10,"Hamilton, Billy"
2023-05-10,"Hicks, Aaron"
2023-05-11,"Pina, Manny"
2023-05-11,"Miller, Mason"
2023-05-11,"Slater, Austin"
2023-05-11,"Loaisiga, Jonathan"
2023-05-12,"Hoerner, Nico"
2023-05-12,"Mantiply, Joe"
2023-05-12,"Zunino, Mike"
2023-05-12,"Rasmussen, Drew"
2023-05-12,"Cleavinger, Garrett"
2023-05-12,"Friedl, T.J."
2023-05-12,"Senzatela, Antonio"
2023-05-12,"Perez, Salvador"
2023-05-12,"Grandal, Yasmani"
2023-05-12,"Turnbull, Spencer"
2023-05-13,"Pederson, Joc"
2023-05-13,"Puk, A.J."
2023-05-13,"Senzatela, Antonio"
2023-05-13,"Kepler, Max"
2023-05-13,"Andrus, Elvis"
2023-05-14,"Chisholm, Jazz"
2023-05-14,"Hernandez, Kike"
2023-05-14,"Legumina, Casey"
2023-05-14,"Overton, Connor"
2023-05-14,"Lodolo, Nick"
2023-05-14,"Sanmartin, Reiver"
2023-05-14,"Feltner, Ryan"
2023-05-14,"Sanchez, Jesus"
2023-05-15,"Rendon, Anthony"
2023-05-15,"Wright, Kyle"
2023-05-15,"Woodruff, Brandon"
2023-05-15,"Voit, Luke"
2023-05-15,"Boxberger, Brad"
2023-05-15,"Pederson, Joc"
2023-05-15,"Pomeranz, Drew"
2023-05-15,"Votto, Joey"
2023-05-15,"Friedl, T.J."
2023-05-15,"Cron, C.J."
2023-05-15,"Mears, Nick"
2023-05-15,"Sampson, Adrian"
2023-05-16,"Yelich, Christian"
2023-05-16,"Bellinger, Cody"
2023-05-16,"Chisholm, Jazz"
2023-05-16,"Machado, Manny"
2023-05-16,"Diaz, Yandy"
2023-05-16,"Schreiber, John"
2023-05-16,"Brieske, Beau"
2023-05-16,"Alcala, Jorge"
2023-05-17,"Warren, Austin"
2023-05-17,"Kiermaier, Kevin"
2023-05-17,"Guerrero, Vladimir"
2023-05-17,"Miley, Wade"
2023-05-17,"Carlson, Dylan"
2023-05-17,"Naughton, Packy"
2023-05-17,"Nelson, Jimmy"
2023-05-17,"Naylor, Josh"
2023-05-17,"Mateo, Jorge"
2023-05-17,"Yarbrough, Ryan"
2023-05-17,"Martin, Davis"
2023-05-17,"Hamilton, Ian"
2023-05-18,"May, Dustin"
2023-05-18,"Lugo, Seth"
2023-05-18,"Trevino, Jose"
2023-05-19,"Jackson, Zach"
2023-05-19,"Lee, Dylan"
2023-05-19,"Bellinger, Cody"
2023-05-19,"Bart, Joey"
2023-05-19,"Stripling, Ross"
2023-05-19,"Battenfield, Peyton"
2023-05-19,"Machado, Manny"
2023-05-19,"Law, Derek"
2023-05-19,"Marquez, German"
2023-05-19,"Keller, Brad"
2023-05-19,"Gordon, Nick"
2023-05-19,"Adrianza, Ehire"
2023-05-19,"Ramos, Heliot"
2023-05-19,"Locastro, Tim"
2023-05-20,"Rucinski, Drew"
2023-05-20,"Bukauskas, J.B."
2023-05-20,"Misiewicz, Anthony"
2023-05-20,"Kelly, Carson"
2023-05-20,"Urias, Julio"
2023-05-20,"Hall, Darick"
2023-05-20,"Turner, Justin"
2023-05-20,"Ramos, Henry"
2023-05-20,"Polanco, Jorge"
2023-05-20,"Sheets, Gavin"
2023-05-20,"Grandal, Yasmani"
2023-05-21,"Espinal, Santiago"
2023-05-21,"Buxton, Byron"
2023-05-21,"Clevinger, Mike"
2023-05-22,"Espinal, Santiago"
2023-05-22,"Lauer, Eric"
2023-05-22,"McGee, Easton"
2023-05-22,"Bleier, Richard"
2023-05-22,"Alberto, Hanser"
2023-05-23,"White, Mitch"
2023-05-23,"May, Dustin"
2023-05-23,"Cyr, Tyler"
2023-05-23,"Cueto, Johnny"
2023-05-23,"Marsh, Brandon"
2023-05-23,"Lowe, Brandon"
2023-05-23,"Correa, Carlos"
2023-05-23,"Larnach, Trevor"
2023-05-24,"Altuve, Jose"
2023-05-24,"Burdi, Nick"
2023-05-24,"France, Ty"
2023-05-24,"Duran, Ezequiel"
2023-05-24,"Littell, Zack"
2023-05-24,"Gallo, Joey"
2023-05-24,"Robert, Luis"
2023-05-25,"Tonkin, Michael"
2023-05-25,"Pollock, A.J."
2023-05-25,"Alberto, Hanser"
2023-05-26,"Jansen, Danny"
2023-05-26,"Cyr, Tyler"
2023-05-26,"Estrada, Thairo"
2023-05-26,"Seong, Ha"
2023-05-26,"Song, Noah"
2023-05-26,"Myers, Wil"
2023-05-26,"Doyle, Brenton"
2023-05-27,"Adames, Willy"
2023-05-27,"Estrada, Thairo"
2023-05-27,"Garcia, Luis"
2023-05-27,"Duran, Ezequiel"
2023-05-27,"Devers, Rafael"
2023-05-28,"Warren, Austin"
2023-05-28,"Moore, Matt"
2023-05-28,"Kiermaier, Kevin"
2023-05-28,"Bohm, Alec"
2023-05-28,"Velasquez, Vince"
2023-05-28,"Taylor, Josh"
2023-05-29,"Muncy, Max"
2023-05-29,"Santana, Carlos"
2023-05-29,"Fairbanks, Pete"
2023-05-29,"Feltner, Ryan"
2023-05-29,"Gordon, Nick"
2023-05-29,"Lambert, Jimmy"
2023-05-29,"Rizzo, Anthony"
2023-05-30,"Winker, Jesse"
2023-05-30,"Nootbaar, Lars"
2023-05-30,"Mullins, Cedric"
2023-05-30,"Barlow, Joe"
2023-05-30,"Senzel, Nick"
2023-05-30,"Rodriguez, Eduardo"
2023-05-30,"Vierling, Matt"
2023-05-30,"Bader, Harrison"
2023-05-31,"Drury, Brandon"
2023-05-31,"Conforto, Michael"
2023-05-31,"Hays, Austin"
2023-05-31,"Bohm, Alec"
2023-05-31,"Franco, Wander"
2023-05-31,"Friedl, T.J."
2023-05-31,"Greene, Riley"
2023-05-31,"Wingenter, Trey"
2023-06-01,"Belt, Brandon"
2023-06-01,"Naylor, Josh"
2023-06-01,"Bohm, Alec"
2023-06-01,"Bryant, Kris"
2023-06-01,"Rodon, Carlos"
2023-06-02,"Taylor, Tyrone"
2023-06-02,"Nootbaar, Lars"
2023-06-02,"Quantrill, Cal"
2023-06-02,"Barnes, Matt"
2023-06-02,"Givens, Mychal"
2023-06-02,"Campusano-Bracero, Luis"
2023-06-02,"Cruz, Nelson"
2023-06-02,"Fleming, Josh"
2023-06-02,"Sale, Chris"
2023-06-02,"Garrett, Amir"
2023-06-02,"Buxton, Byron"
2023-06-02,"Correa, Carlos"
2023-06-02,"Gallo, Joey"
2023-06-03,"Altuve, Jose"
2023-06-03,"Ruf, Darin"
2023-06-03,"Taylor, Tyrone"
2023-06-03,"Steele, Justin"
2023-06-03,"Bickford, Phil"
2023-06-03,"Battenfield, Peyton"
2023-06-03,"McGee, Easton"
2023-06-03,"Gonzales, Marco"
2023-06-03,"Tate, Dillon"
2023-06-03,"Odor, Rougned"
2023-06-03,"Miller, Brad"
2023-06-03,"Raley, Luke"
2023-06-03,"Franco, Wander"
2023-06-03,"Lodolo, Nick"
2023-06-03,"Friedl, T.J."
2023-06-03,"Faedo, Alex"
2023-06-03,"Gallo, Joey"
2023-06-03,"Allen, Greg"
2023-06-03,"Weber, Ryan"
2023-06-04,"Gurriel, Lourdes"
2023-06-04,"Thompson, Trayce"
2023-06-04,"Wood, Alex"
2023-06-04,"Rosario, Amed"
2023-06-04,"Crawford, J.P."
2023-06-04,"Bogaerts, Xander"
2023-06-04,"Taveras, Leody"
2023-06-04,"Lowe, Brandon"
2023-06-04,"Rodriguez, Joely"
2023-06-04,"Kirilloff, Alex"
2023-06-04,"Sands, Cole"
2023-06-04,"Judge, Aaron"
2023-06-05,"Vega, Marco"
2023-06-05,"Garcia, Luis"
2023-06-05,"Fried, Max"
2023-06-05,"Ruf, Darin"
2023-06-05,"Soler, Jorge"
2023-06-05,"Clark, Trent"
2023-06-05,"deGrom, Jacob"
2023-06-05,"Lowe, Brandon"
2023-06-05,"Senzel, Nick"
2023-06-06,"Chapman, Matt"
2023-06-06,"Gott, Trevor"
2023-06-06,"deGrom, Jacob"
2023-06-06,"Senzel, Nick"
2023-06-06,"Buxton, Byron"
2023-06-07,"Ward, Taylor"
2023-06-07,"Rios, Edwin"
2023-06-07,"Faucher, Calvin"
2023-06-07,"Staumont, Josh"
2023-06-07,"Judge, Aaron"
2023-06-07,"Weber, Ryan"
2023-06-08,"Rojas, Miguel"
2023-06-08,"Syndergaard, Noah"
2023-06-08,"Alonso, Pete"
2023-06-08,"Cortes, Nestor"
2023-06-09,"Urshela, Gio"
2023-06-09,"Alvarez, Yordan"
2023-06-09,"Sousa, Bennett"
2023-06-09,"Cousins, Jake"
2023-06-09,"Alonso, Pete"
2023-06-09,"Mountcastle, Ryan"
2023-06-09,"Velasquez, Vince"
2023-06-09,"Sale, Chris"
2023-06-09,"Ashcraft, Graham"
2023-06-09,"Turnbull, Spencer"
2023-06-09,"Thielbar, Caleb"
2023-06-09,"Polanco, Jorge"
2023-06-09,"Jimenez, Eloy"
2023-06-10,"Joyce, Ben"
2023-06-10,"Stassi, Max"
2023-06-10,"Fleming, Josh"
2023-06-10,"Fraley, Jake"
2023-06-10,"Pasquantino, Vinnie"
2023-06-10,"Baddoo, Akil"
2023-06-10,"Polanco, Jorge"
2023-06-11,"Belt, Brandon"
2023-06-11,"Reyes, Alex"
2023-06-11,"Thompson, Trayce"
2023-06-11,"Senzatela, Antonio"
2023-06-11,"Blackmon, Charlie"
2023-06-11,"Diaz, Elias"
2023-06-11,"Hendriks, Liam"
2023-06-12,"Helsley, Ryan"
2023-06-12,"Murfee, Penn"
2023-06-12,"Ray, Robbie"
2023-06-12,"Wendle, Joey"
2023-06-13,"Pena, Jeremy"
2023-06-13,"McCullers, Lance"
2023-06-13,"Belt, Brandon"
2023-06-13,"Ozuna, Marcell"
2023-06-13,"Hughes, Brandon"
2023-06-13,"Muncy, Max"
2023-06-13,"Mountcastle, Ryan"
2023-06-13,"Burdi, Nick"
2023-06-13,"Burdi, Nick"
2023-06-14,"Marte, Ketel"
2023-06-14,"Davis, J.D."
2023-06-14,"Haniger, Mitch"
2023-06-14,"Voth, Austin"
2023-06-14,"Moncada, Yoan"
2023-06-14,"Rogers, Trevor"
2023-06-15,"Urshela, Gio"
2023-06-15,"Neto, Zach"
2023-06-15,"Chavez, Jesse"
2023-06-15,"Haniger, Mitch"
2023-06-15,"Holderman, Colin"
2023-06-15,"Moncada, Yoan"
2023-06-16,"Rendon, Anthony"
2023-06-16,"Urshela, Gio"
2023-06-16,"Smith, Kevin"
2023-06-16,"Lovelady, Richard"
2023-06-16,"O'Neill, Tyler"
2023-06-16,"Muncy, Max"
2023-06-16,"McKenzie, Triston"
2023-06-16,"Cosgrove, Tom"
2023-06-16,"Zastryzny, Rob"
2023-06-16,"Fairchild, Stuart"
2023-06-16,"Massey, Michael"
2023-06-16,"Perez, Salvador"
2023-06-16,"Clevinger, Mike"
2023-06-17,"McCullers, Lance"
2023-06-17,"Smith, Kevin"
2023-06-17,"Wisdom, Patrick"
2023-06-17,"Taylor, Chris"
2023-06-17,"Peralta, David"
2023-06-17,"Brebbia, John"
2023-06-17,"Flores, Wilmer"
2023-06-17,"McKenzie, Triston"
2023-06-17,"Cabrera, Edward"
2023-06-17,"Segura, Jean"
2023-06-17,"Castellanos, Nick"
2023-06-17,"Dominguez, Seranthony"
2023-06-17,"Houck, Tanner"
2023-06-18,"Murphy, Sean"
2023-06-18,"Cobb, Alex"
2023-06-18,"Candelario, Jeimer"
2023-06-18,"Henderson, Gunnar"
2023-06-18,"McCann, James"
2023-06-18,"Hernandez, Jose"
2023-06-18,"Houck, Tanner"
2023-06-18,"Massey, Michael"
2023-06-18,"Pasquantino, Vinnie"
2023-06-18,"Vierling, Matt"
2023-06-18,"Alcala, Jorge"
2023-06-18,"Anderson, Tim"
2023-06-18,"Tucker, Preston"
2023-06-19,"Rendon, Anthony"
2023-06-19,"Kirk, Alejandro"
2023-06-19,"Amaya, Miguel"
2023-06-19,"Alexander, Scott"
2023-06-19,"Greene, Hunter"
2023-06-19,"Taylor, Michael"
2023-06-19,"Gonzalez, Romy"
2023-06-20,"Suarez, Jose"
2023-06-20,"Rucinski, Drew"
2023-06-20,"Wade, Lamonte"
2023-06-20,"McCutchen, Andrew"
2023-06-20,"Reynolds, Bryan"
2023-06-20,"Reyes, Pablo"
2023-06-20,"Crochet, Garrett"
2023-06-21,"Jackson, Zach"
2023-06-21,"Bichette, Bo"
2023-06-21,"Walker, Jordan"
2023-06-21,"Swanson, Dansby"
2023-06-21,"Miller, Shelby"
2023-06-21,"Crawford, J.P."
2023-06-21,"Edwards, C.J."
2023-06-21,"Robles, Victor"
2023-06-21,"Velasquez, Vince"
2023-06-21,"Kluber, Corey"
2023-06-21,"Legumina, Casey"
2023-06-21,"Pasquantino, Vinnie"
2023-06-22,"Haniger, Mitch"
2023-06-22,"Brennan, Will"
2023-06-22,"Reynolds, Bryan"
2023-06-22,"Schreiber, John"
2023-06-22,"McGuire, Reese"
2023-06-22,"Chang, Yu"
2023-06-22,"Calhoun, Willie"
2023-06-23,"Urquidy, Jose"
2023-06-23,"Brantley, Michael"
2023-06-23,"Laureano, Ramon"
2023-06-23,"Yastrzemski, Mike"
2023-06-23,"Wacha, Michael"
2023-06-23,"Velasquez, Vince"
2023-06-23,"Raley, Luke"
2023-06-23,"Reyes, Pablo"
2023-06-23,"Suter, Brent"
2023-06-23,"Beaty, Matt"
2023-06-24,"Urshela, Gio"
2023-06-24,"Cimber, Adam"
2023-06-24,"Flaherty, Jack"
2023-06-24,"Hicks, Jordan"
2023-06-24,"Heuer, Codi"
2023-06-24,"McNeil, Jeff"
2023-06-24,"Leclerc, Jose"
2023-06-24,"Jankowski, Travis"
2023-06-24,"Lively, Ben"
2023-06-25,"Altuve, Jose"
2023-06-25,"Garcia, Yimi"
2023-06-25,"Taylor, Chris"
2023-06-25,"Jackson, Luke"
2023-06-25,"De, Jose"
2023-06-26,"De, Jose"
2023-06-27,"Hughes, Brandon"
2023-06-27,"Kelly, Merrill"
2023-06-27,"Murfee, Penn"
2023-06-27,"Wilson, Steven"
2023-06-27,"Darvish, Yu"
2023-06-27,"Walls, Taylor"
2023-06-27,"Yoshida, Masataka"
2023-06-27,"Boyd, Matthew"
2023-06-27,"Boyd, Matthew"
2023-06-27,"Vest, Will"
2023-06-27,"Stewart, Brock"
2023-06-28,"Kiermaier, Kevin"
2023-06-28,"Suzuki, Seiya"
2023-06-28,"Abrams, C.J."
2023-06-28,"Knehr, Reiss"
2023-06-28,"Hayes, Ke'Bryan"
2023-06-28,"Mears, Nick"
2023-06-28,"Correa, Carlos"
2023-06-29,"Conforto, Michael"
2023-06-29,"Cooper, Garrett"
2023-06-29,"Gurriel, Yuli"
2023-06-29,"Lyles, Jordan"
2023-06-30,"Pena, Jeremy"
2023-06-30,"Kaprielian, James"
2023-06-30,"Miller, Mason"
2023-06-30,"Rios, Yacksel"
2023-06-30,"Lee, Dylan"
2023-06-30,"Woodford, Jake"
2023-06-30,"Carroll, Corbin"
2023-06-30,"Akin, Keegan"
2023-06-30,"Carasiti, Matt"
2023-07-01,"Drury, Brandon"
2023-07-01,"Valdez, Framber"
2023-07-01,"Donovan, Brendan"
2023-07-01,"Wade, Lamonte"
2023-07-01,"Givens, Mychal"
2023-07-01,"Carlton, Drew"
2023-07-01,"McClanahan, Shane"
2023-07-02,"Drury, Brandon"
2023-07-02,"VerHagen, Drew"
2023-07-02,"Bae, Ji-Hwan"
2023-07-02,"Yoshida, Masataka"
2023-07-02,"Lewis, Royce"
2023-07-02,"Kopech, Michael"
2023-07-02,"Gonzalez, Romy"
2023-07-03,"Gallegos, Giovanny"
2023-07-03,"Kershaw, Clayton"
2023-07-03,"DeSclafani, Anthony"
2023-07-03,"Estrada, Thairo"
2023-07-03,"Miller, Bryce"
2023-07-03,"Chisholm, Jazz"
2023-07-03,"Uceta, Edwin"
2023-07-03,"Ward, Thad"
2023-07-03,"Hays, Austin"
2023-07-03,"Westburg, Jordan"
2023-07-03,"Taylor, Josh"
2023-07-03,"Perez, Salvador"
2023-07-04,"Trout, Mike"
2023-07-04,"Altuve, Jose"
2023-07-04,"Perez, Carlos"
2023-07-04,"Boxberger, Brad"
2023-07-04,"Madrigal, Nick"
2023-07-04,"May, Dustin"
2023-07-04,"Naylor, Josh"
2023-07-04,"France, Ty"
2023-07-04,"Nardi, Andrew"
2023-07-04,"Perez, Cionel"
2023-07-04,"Wacha, Michael"
2023-07-04,"Whitlock, Garrett"
2023-07-04,"Alexander, Tyler"
2023-07-04,"McCann, James"
2023-07-05,"Rendon, Anthony"
2023-07-05,"Tellez, Rowdy"
2023-07-05,"Wainwright, Adam"
2023-07-05,"Knizner, Andrew"
2023-07-05,"Murfee, Penn"
2023-07-05,"Davis, Jonathan"
2023-07-05,"Greinke, Zack"
2023-07-05,"Bader, Harrison"
2023-07-06,"Altuve, Jose"
2023-07-06,"Ruiz, Esteury"
2023-07-06,"Noda, Ryan"
2023-07-06,"Swanson, Dansby"
2023-07-06,"Hudson, Daniel"
2023-07-06,"Quantrill, Cal"
2023-07-06,"McKenzie, Triston"
2023-07-06,"Baty, Brett"
2023-07-06,"Hicks, Aaron"
2023-07-06,"Kelly, Joe"
2023-07-06,"Bauers, Jake"
2023-07-07,"Ruiz, Esteury"
2023-07-07,"Edman, Tommy"
2023-07-07,"Contreras, Willson"
2023-07-07,"Jameson, Drey"
2023-07-07,"Candelario, Jeimer"
2023-07-07,"McCutchen, Andrew"
2023-07-07,"Hayes, Ke'Bryan"
2023-07-07,"Ort, Kaleb"
2023-07-07,"Bauers, Jake"
2023-07-07,"Cortes, Nestor"
2023-07-08,"Blackburn, Paul"
2023-07-08,"Rios, Yacksel"
2023-07-08,"Swanson, Dansby"
2023-07-08,"Jameson, Drey"
2023-07-08,"Benintendi, Andrew"
2023-07-09,"Crawford, Brandon"
2023-07-09,"Harper, Bryce"
2023-07-09,"Alvarado, Jose"
2023-07-09,"Harrison, Josh"
2023-07-09,"Rasmussen, Drew"
2023-07-09,"Olivares, Edward"
2023-07-10,"Davis, Jonathan"
2023-07-12,"Hudson, Daniel"
2023-07-12,"Harrison, Josh"
2023-07-13,"Anderson, Nick"
2023-07-14,"Rendon, Anthony"
2023-07-14,"Adell, Jo"
2023-07-14,"Bachman, Sam"
2023-07-14,"Pina, Manny"
2023-07-14,"Lovelady, Richard"
2023-07-14,"Romano, Jordan"
2023-07-14,"Minter, A.J."
2023-07-14,"Anderson, Brian"
2023-07-14,"Miller, Shelby"
2023-07-14,"Pache, Cristian"
2023-07-14,"Senzatela, Antonio"
2023-07-14,"Freeland, Kyle"
2023-07-14,"Staumont, Josh"
2023-07-14,"Miranda, Jose"
2023-07-14,"Rolison, Ryan"
2023-07-15,"Gausman, Kevin"
2023-07-15,"Minter, A.J."
2023-07-15,"Bieber, Shane"
2023-07-15,"Marte, Starling"
2023-07-15,"Candelario, Jeimer"
2023-07-15,"Sborz, Josh"
2023-07-15,"Grichuk, Randal"
2023-07-15,"Miranda, Jose"
2023-07-16,"Pena, Jeremy"
2023-07-16,"Rooker, Brent"
2023-07-16,"Rosario, Eddie"
2023-07-16,"Anderson, Brian"
2023-07-16,"Harvey, Hunter"
2023-07-16,"Hicks, Aaron"
2023-07-16,"Mullins, Cedric"
2023-07-16,"Morejon, Adrian"
2023-07-16,"Jimenez, Eloy"
2023-07-16,"Donaldson, Josh"
2023-07-17,"Devenski, Chris"
2023-07-17,"Miley, Wade"
2023-07-17,"Harvey, Hunter"
2023-07-17,"Devers, Rafael"
2023-07-17,"Newman, Kevin"
2023-07-17,"Perez, Salvador"
2023-07-18,"Rucinski, Drew"
2023-07-18,"Allard, Kolby"
2023-07-18,"Morel, Christopher"
2023-07-18,"Marte, Starling"
2023-07-18,"Knehr, Reiss"
2023-07-18,"Waites, Cole"
2023-07-19,"Cimber, Adam"
2023-07-19,"Hilliard, Sam"
2023-07-19,"Davies, Zach"
2023-07-19,"Marisnick, Jake"
2023-07-19,"Crawford, Brandon"
2023-07-19,"Davis, J.D."
2023-07-19,"Wade, Lamonte"
2023-07-19,"Pineda, Israel"
2023-07-19,"Espino, Paolo"
2023-07-19,"Mullins, Cedric"
2023-07-19,"Lynch, Daniel"
2023-07-19,"Vaughn, Andrew"
2023-07-20,"Noda, Ryan"
2023-07-20,"Kelenic, Jarred"
2023-07-20,"Marte, Starling"
2023-07-20,"Donaldson, Josh"
2023-07-21,"Rooker, Brent"
2023-07-21,"Pham, Tommy"
2023-07-21,"Mejia, Francisco"
2023-07-21,"Gallo, Joey"
2023-07-21,"Castro, Willi"
2023-07-21,"Bader, Harrison"
2023-07-21,"Trevino, Jose"
2023-07-22,"Neto, Zach"
2023-07-22,"Pollock, A.J."
2023-07-22,"Guillorme, Luis"
2023-07-22,"Jacob, Alek"
2023-07-22,"Seager, Corey"
2023-07-22,"Walls, Taylor"
2023-07-22,"Cron, C.J."
2023-07-23,"Chavez, Jesse"
2023-07-23,"Gorman, Nolan"
2023-07-23,"Contreras, Willson"
2023-07-23,"Moreno, Gabriel"
2023-07-23,"Martinez, J.D."
2023-07-23,"Adolis, (Jose)"
2023-07-23,"Arroyo, Christian"
2023-07-23,"Bryant, Kris"
2023-07-24,"Helsley, Ryan"
2023-07-24,"Bieber, Shane"
2023-07-24,"Casali, Curt"
2023-07-24,"Englert, Mason"
2023-07-25,"Hernandez, Elieser"
2023-07-25,"Hicks, Aaron"
2023-07-25,"Marcano, Tucupita"
2023-07-25,"Bryant, Kris"
2023-07-26,"Winker, Jesse"
2023-07-26,"DeLuca, Jonny"
2023-07-26,"Crawford, J.P."
2023-07-26,"Gonzales, Marco"
2023-07-26,"Robles, Victor"
2023-07-26,"Henderson, Gunnar"
2023-07-26,"Diaz, Yandy"
2023-07-26,"Ort, Kaleb"
2023-07-26,"Kirilloff, Alex"
2023-07-26,"Syndergaard, Noah"
2023-07-27,"Joyce, Ben"
2023-07-28,"Neto, Zach"
2023-07-28,"Barnes, Matt"
2023-07-28,"Heim, Jonah"
2023-07-28,"Anderson, Chase"
2023-07-28,"Pratto, Nick"
2023-07-28,"Sousa, Bennett"
2023-07-28,"Thompson, Trayce"
2023-07-29,"Romano, Jordan"
2023-07-29,"Wilson, Justin"
2023-07-29,"Longoria, Evan"
2023-07-29,"Betts, Mookie"
2023-07-29,"Moore, Dylan"
2023-07-29,"Eovaldi, Nathan"
2023-07-29,"India, Jonathan"
2023-07-30,"Ward, Taylor"
2023-07-30,"Teheran, Julio"
2023-07-30,"Gorman, Nolan"
2023-07-30,"Henry, Tommy"
2023-07-30,"DeSclafani, Anthony"
2023-07-30,"Garcia, Rico"
2023-07-30,"Eovaldi, Nathan"
2023-07-30,"India, Jonathan"
2023-07-30,"Kirilloff, Alex"
2023-07-31,"Canning, Griffin"
2023-07-31,"Ward, Taylor"
2023-07-31,"Brebbia, John"
2023-07-31,"Yastrzemski, Mike"
2023-07-31,"Rodriguez, Joely"
2023-07-31,"Greene, Hunter"
2023-07-31,"Jones, Nolan"
2023-08-01,"Canning, Griffin"
2023-08-01,"Adell, Jo"
2023-08-01,"Bachman, Sam"
2023-08-01,"Bichette, Bo"
2023-08-01,"Donovan, Brendan"
2023-08-01,"Martinez, J.D."
2023-08-01,"Naylor, Josh"
2023-08-01,"Realmuto, J.T."
2023-08-01,"Turner, Justin"
2023-08-01,"Trevino, Jose"
2023-08-01,"Lopez, Otto"
2023-08-02,"Kaprielian, James"
2023-08-02,"Bichette, Bo"
2023-08-02,"Hernandez, Daysbel"
2023-08-02,"Donovan, Brendan"
2023-08-02,"Stroman, Marcus"
2023-08-02,"Adams, Austin"
2023-08-02,"Nimmo, Brandon"
2023-08-02,"Musgrove, Joe"
2023-08-02,"Hill, Tim"
2023-08-02,"Miller, Brad"
2023-08-02,"Lively, Ben"
2023-08-02,"Buxton, Byron"
2023-08-02,"Hendriks, Liam"
2023-08-03,"Kemp, Tony"
2023-08-03,"Richards, Trevor"
2023-08-03,"Gorman, Nolan"
2023-08-03,"McClanahan, Shane"
2023-08-03,"Ryan, Joe"
2023-08-03,"De, Jose"
2023-08-03,"Rizzo, Anthony"
2023-08-04,"Neto, Zach"
2023-08-04,"Muncy, Max"
2023-08-04,"Naylor, Josh"
2023-08-04,"Freeman, Tyler"
2023-08-04,"Musgrove, Joe"
2023-08-04,"Moreta, Dauri"
2023-08-04,"Raley, Luke"
2023-08-04,"Clarke, Taylor"
2023-08-04,"Stewart, Brock"
2023-08-04,"Buxton, Byron"
2023-08-05,"Jansen, Danny"
2023-08-05,"Chargois, J.T."
2023-08-05,"Thompson, Mason"
2023-08-05,"Verdugo, Alex"
2023-08-05,"Fraley, Jake"
2023-08-06,"Grove, Michael"
2023-08-06,"Chisholm, Jazz"
2023-08-06,"Marsh, Brandon"
2023-08-06,"Glasnow, Tyler"
2023-08-06,"Zavala, Seby"
2023-08-07,"Kiermaier, Kevin"
2023-08-07,"Wilson, Justin"
2023-08-07,"Marte, Starling"
2023-08-07,"Voth, Austin"
2023-08-07,"Jung, Josh"
2023-08-07,"Perez, Salvador"
2023-08-07,"Colas, Oscar"
2023-08-07,"Rodon, Carlos"
2023-08-08,"Kiermaier, Kevin"
2023-08-08,"Santana, Carlos"
2023-08-08,"O'Neill, Tyler"
2023-08-08,"Martinez, J.D."
2023-08-08,"Fry, David"
2023-08-08,"Woo, Bryan"
2023-08-08,"Turner, Justin"
2023-08-08,"Rodgers, Brendan"
2023-08-08,"Greinke, Zack"
2023-08-08,"Anderson, Tim"
2023-08-09,"Wiemer, Joey"
2023-08-09,"Pollock, A.J."
2023-08-09,"Marcano, Tucupita"
2023-08-09,"Solano, Donovan"
2023-08-09,"LeMahieu, D.J."
2023-08-10,"McCormick, Chas"
2023-08-10,"Abreu, Jose"
2023-08-10,"Coulombe, Danny"
2023-08-10,"Hendriks, Liam"
2023-08-11,"Jansen, Danny"
2023-08-11,"Perkins, Blake"
2023-08-11,"Moore, Dylan"
2023-08-11,"Crawford, J.P."
2023-08-11,"Lindor, Francisco"
2023-08-11,"Harper, Bryce"
2023-08-11,"Cortes, Nestor"
2023-08-12,"Abreu, Jose"
2023-08-12,"Maton, Phil"
2023-08-12,"Danner, Hagen"
2023-08-12,"Carlson, Dylan"
2023-08-12,"Betts, Mookie"
2023-08-12,"Almonte, Yency"
2023-08-12,"Mlodzinski, Carmen"
2023-08-12,"McClanahan, Shane"
2023-08-12,"Garcia, Maikel"
2023-08-12,"Baez, Javier"
2023-08-12,"Castro, Willi"
2023-08-12,"Robert, Luis"
2023-08-12,"Gonzalez, Romy"
2023-08-13,"Chapman, Matt"
2023-08-13,"Kelly, Joe"
2023-08-13,"Gonzales, Marco"
2023-08-13,"Hernandez, Elieser"
2023-08-13,"Correa, Carlos"
2023-08-14,"Cron, C.J."
2023-08-14,"Tarnok, Freddy"
2023-08-14,"Albies, Ozzie"
2023-08-14,"Gorman, Nolan"
2023-08-14,"Matz, Steven"
2023-08-14,"DeSclafani, Anthony"
2023-08-14,"Flores, Wilmer"
2023-08-14,"Brazoban, Huascar"
2023-08-14,"Walker, Josh"
2023-08-14,"Carlton, Drew"
2023-08-14,"Choi, Ji-Man"
2023-08-14,"Profar, Jurickson"
2023-08-14,"Curtiss, John"
2023-08-14,"Mathias, Mark"
2023-08-15,"Felipe, Angel"
2023-08-15,"Bleday, J.J."
2023-08-15,"Albies, Ozzie"
2023-08-15,"Mejia, J.C."
2023-08-15,"Contreras, Willson"
2023-08-15,"Marisnick, Jake"
2023-08-15,"Margot, Manuel"
2023-08-15,"McClanahan, Shane"
2023-08-15,"Castro, Willi"
2023-08-15,"Anderson, Tim"
2023-08-16,"Murphy, Tom"
2023-08-16,"Vientos, Mark"
2023-08-16,"Hicks, Aaron"
2023-08-16,"Kelly, Kevin"
2023-08-16,"Keller, Brad"
2023-08-16,"Correa, Carlos"
2023-08-16,"Jimenez, Eloy"
2023-08-17,"Gorman, Nolan"
2023-08-17,"Gurriel, Lourdes"
2023-08-17,"Martinez, J.D."
2023-08-17,"Gallagher, Cam"
2023-08-17,"Walker, Josh"
2023-08-17,"Vientos, Mark"
2023-08-18,"Rendon, Anthony"
2023-08-18,"Cron, C.J."
2023-08-18,"Tucker, Kyle"
2023-08-18,"Springer, George"
2023-08-18,"Nootbaar, Lars"
2023-08-18,"Kelly, Michael"
2023-08-18,"Suarez, Ranger"
2023-08-18,"Jeffers, Ryan"
2023-08-19,"Kessinger, Grae"
2023-08-19,"Henry, Tommy"
2023-08-19,"Heyward, Jason"
2023-08-19,"Gonsolin, Tony"
2023-08-19,"Stripling, Ross"
2023-08-19,"Hicks, Aaron"
2023-08-19,"Santander, Anthony"
2023-08-19,"Suarez, Ranger"
2023-08-19,"Casas, Triston"
2023-08-19,"Newman, Kevin"
2023-08-19,"Garcia, Maikel"
2023-08-19,"McKinney, Billy"
2023-08-20,"Pruitt, Austin"
2023-08-20,"Harris, Michael"
2023-08-20,"Frelick, Sal"
2023-08-20,"Crawford, Brandon"
2023-08-20,"Wade, Lamonte"
2023-08-20,"Perdomo, Angel"
2023-08-20,"Kinley, Tyler"
2023-08-21,"Kaprielian, James"
2023-08-21,"Medina, Luis"
2023-08-21,"Chirinos, Yonny"
2023-08-21,"Hancock, Emerson"
2023-08-21,"Rodriguez, Julio"
2023-08-21,"Cueto, Johnny"
2023-08-21,"Davis, Henry"
2023-08-21,"Duran, Jarren"
2023-08-21,"Fairchild, Stuart"
2023-08-22,"Alvarez, Yordan"
2023-08-22,"Liberatore, Matthew"
2023-08-22,"Martinez, J.D."
2023-08-22,"Mathias, Mark"
2023-08-22,"Hancock, Emerson"
2023-08-22,"Duran, Jarren"
2023-08-22,"Baez, Javier"
2023-08-22,"McKinney, Billy"
2023-08-23,"Trout, Mike"
2023-08-23,"Lovelady, Richard"
2023-08-23,"Garcia, Avisail"
2023-08-23,"Flaherty, Jack"
2023-08-23,"McCann, James"
2023-08-23,"Akin, Keegan"
2023-08-24,"Ruiz, Keibert"
2023-08-24,"Garrett, Stone"
2023-08-24,"Perdomo, Angel"
2023-08-24,"Jansen, Kenley"
2023-08-24,"Votto, Joey"
2023-08-24,"Ortega, Oliver"
2023-08-25,"Thaiss, Matt"
2023-08-25,"Trout, Mike"
2023-08-25,"Conforto, Michael"
2023-08-25,"Brennan, Will"
2023-08-25,"Kluber, Corey"
2023-08-25,"Taylor, Michael"
2023-08-25,"Brentz, Jake"
2023-08-26,"Schanuel, Nolan"
2023-08-26,"Fulmer, Michael"
2023-08-26,"Ruiz, Keibert"
2023-08-26,"Garrett, Stone"
2023-08-26,"Bautista, Felix"
2023-08-26,"Cronenworth, Jake"
2023-08-26,"Diaz, Yandy"
2023-08-26,"Young, Alex"
2023-08-27,"Swanson, Erik"
2023-08-27,"Zuniga, Guillermo"
2023-08-27,"O'Neill, Tyler"
2023-08-27,"Gonsolin, Tony"
2023-08-27,"Bernardino, Brennan"
2023-08-27,"Devers, Rafael"
2023-08-28,"Bichette, Bo"
2023-08-28,"Chapman, Matt"
2023-08-28,"Houser, Adrian"
2023-08-28,"Santana, Carlos"
2023-08-28,"Edwards, C.J."
2023-08-28,"Darvish, Yu"
2023-08-28,"Reyes, Pablo"
2023-08-28,"McLain, Matt"
2023-08-28,"Rodgers, Brendan"
2023-08-28,"Ortega, Oliver"
2023-08-29,"Silseth, Chase"
2023-08-29,"Bichette, Bo"
2023-08-29,"Belt, Brandon"
2023-08-29,"Gonsolin, Tony"
2023-08-29,"Kirby, George"
2023-08-29,"Rodriguez, Julio"
2023-08-29,"Sanmartin, Reiver"
2023-08-29,"Vasquez, Andrew"
2023-08-30,"Tarnok, Freddy"
2023-08-30,"O'Neill, Tyler"
2023-08-30,"Soler, Jorge"
2023-08-30,"Wilson, Steven"
2023-08-30,"Duran, Jarren"
2023-08-30,"McMillon, John"
2023-08-30,"Perez, Salvador"
2023-08-30,"Baez, Javier"
2023-08-31,"Thomas, Lane"
2023-09-01,"Danner, Hagen"
2023-09-01,"Hilliard, Sam"
2023-09-01,"Donovan, Brendan"
2023-09-01,"Davis, J.D."
2023-09-01,"Mountcastle, Ryan"
2023-09-01,"Lively, Ben"
2023-09-01,"Cruz, Fernando"
2023-09-01,"Greene, Hunter"
2023-09-01,"Gomber, Austin"
2023-09-01,"Miranda, Jose"
2023-09-01,"Torres, Gleyber"
2023-09-02,"Altuve, Jose"
2023-09-02,"Jansen, Danny"
2023-09-02,"Zuniga, Guillermo"
2023-09-02,"Adam, Jason"
2023-09-02,"Williamson, Brandon"
2023-09-02,"Ashcraft, Graham"
2023-09-02,"Isbel, Kyle"
2023-09-02,"Greene, Riley"
2023-09-02,"Robert, Luis"
2023-09-03,"Belt, Brandon"
2023-09-03,"Pham, Tommy"
2023-09-03,"France, Ty"
2023-09-03,"Vientos, Mark"
2023-09-03,"Adam, Jason"
2023-09-03,"Bard, Daniel"
2023-09-03,"Taylor, Michael"
2023-09-03,"Hamilton, Ian"
2023-09-04,"Ohtani, Shohei"
2023-09-04,"Romero, JoJo"
2023-09-04,"Walls, Taylor"
2023-09-04,"Verdugo, Alex"
2023-09-04,"Duran, Jarren"
2023-09-04,"Lambert, Jimmy"
2023-09-04,"Fletcher, Dominic"
2023-09-05,"Stanek, Ryne"
2023-09-05,"Chirinos, Yonny"
2023-09-05,"Muncy, Max"
2023-09-05,"Carrasco, Carlos"
2023-09-05,"Stewart, D.J."
2023-09-05,"Thomas, Lane"
2023-09-05,"McCutchen, Andrew"
2023-09-05,"Sborz, Josh"
2023-09-06,"McHugh, Collin"
2023-09-06,"Soroka, Mike"
2023-09-06,"Bailey, Patrick"
2023-09-06,"Soler, Jorge"
2023-09-06,"Alcantara, Sandy"
2023-09-06,"Sanchez, Gary"
2023-09-06,"Choi, Ji-Man"
2023-09-06,"McCutchen, Andrew"
2023-09-06,"Lynch, Daniel"
2023-09-06,"Anderson, Tim"
2023-09-06,"Middleton, Keynan"
2023-09-07,"Barria, Jaime"
2023-09-07,"Moniak, Mickey"
2023-09-07,"Riley, Austin"
2023-09-07,"Manning, Matt"
2023-09-07,"Short, Zack"
2023-09-08,"Jansen, Danny"
2023-09-08,"Betts, Mookie"
2023-09-08,"Slater, Austin"
2023-09-08,"Estrada, Thairo"
2023-09-08,"Adams, Riley"
2023-09-08,"Jacob, Alek"
2023-09-08,"Sanchez, Gary"
2023-09-08,"Miller, Brad"
2023-09-08,"Adolis, (Jose)"
2023-09-08,"Gomber, Austin"
2023-09-08,"Vierling, Matt"
2023-09-08,"Gallo, Joey"
2023-09-08,"Abreu, Albert"
2023-09-09,"Rengifo, Luis"
2023-09-09,"Schanuel, Nolan"
2023-09-09,"Yelich, Christian"
2023-09-09,"Gore, MacKenzie"
2023-09-09,"Marte, Noelvi"
2023-09-09,"Fairchild, Stuart"
2023-09-09,"Cox, Austin"
2023-09-09,"Fermin, Freddy"
2023-09-09,"Cronin, Declan"
2023-09-09,"Severino, Luis"
2023-09-09,"Young, Alex"
2023-09-10,"Strider, Spencer"
2023-09-10,"Lawlar, Jordan"
2023-09-10,"Marte, Ketel"
2023-09-10,"Varland, Gus"
2023-09-10,"Munoz, Andres"
2023-09-10,"Westburg, Jordan"
2023-09-10,"Machado, Manny"
2023-09-10,"Paredes, Isaac"
2023-09-10,"Paxton, James"
2023-09-10,"Miguel, (Jose)"
2023-09-10,"Moncada, Yoan"
2023-09-10,"Dominguez, Jasson"
2023-09-10,"Peraza, Oswald"
2023-09-11,"Merrifield, Whit"
2023-09-11,"Hernandez, Daysbel"
2023-09-11,"Soroka, Mike"
2023-09-11,"Mejia, J.C."
2023-09-11,"Alzolay, Adbert"
2023-09-11,"Candelario, Jeimer"
2023-09-11,"Suero, Wander"
2023-09-11,"Sanchez, Gary"
2023-09-11,"Hill, Tim"
2023-09-11,"Dominguez, Jasson"
2023-09-12,"Belt, Brandon"
2023-09-12,"Lee, Dylan"
2023-09-12,"Candelario, Jeimer"
2023-09-12,"Rivera, Emmanuel"
2023-09-12,"Varland, Gus"
2023-09-12,"Reid-Foley, Sean"
2023-09-12,"Siri, Jose"
2023-09-12,"Rizzo, Anthony"
2023-09-12,"Loaisiga, Jonathan"
2023-09-12,"Cortes, Nestor"
2023-09-13,"Moustakas, Mike"
2023-09-13,"Canha, Mark"
2023-09-13,"Carlson, Dylan"
2023-09-13,"Gorman, Nolan"
2023-09-13,"Contreras, Willson"
2023-09-13,"Kelenic, Jarred"
2023-09-13,"Mauricio, Ronny"
2023-09-13,"Taveras, Leody"
2023-09-13,"Scherzer, Max"
2023-09-13,"Jansen, Kenley"
2023-09-14,"Rengifo, Luis"
2023-09-14,"Chisholm, Jazz"
2023-09-14,"Baty, Brett"
2023-09-14,"Mountcastle, Ryan"
2023-09-14,"Antone, Tejay"
2023-09-14,"Vavra, Terrin"
2023-09-15,"Moniak, Mickey"
2023-09-15,"Moustakas, Mike"
2023-09-15,"Peralta, David"
2023-09-15,"Carpenter, Matt"
2023-09-15,"Casas, Triston"
2023-09-16,"Ohtani, Shohei"
2023-09-16,"Acuna, Ronald"
2023-09-16,"Yelich, Christian"
2023-09-16,"Fulmer, Michael"
2023-09-16,"De, Bryan"
2023-09-16,"Kennedy, Ian"
2023-09-16,"Raley, Luke"
2023-09-16,"Casas, Triston"
2023-09-16,"Maile, Luke"
2023-09-16,"Lambert, Peter"
2023-09-16,"Misiewicz, Anthony"
2023-09-16,"Jones, Greg"
2023-09-17,"Paris, Kyren"
2023-09-17,"Detmers, Reid"
2023-09-17,"Tarnok, Freddy"
2023-09-17,"Newcomb, Sean"
2023-09-17,"Lee, Dylan"
2023-09-17,"O'Neill, Tyler"
2023-09-17,"McGough, Scott"
2023-09-17,"Seong, Ha"
2023-09-17,"Freeland, Kyle"
2023-09-17,"Perez, Salvador"
2023-09-18,"Paris, Kyren"
2023-09-18,"Vieira, Thyago"
2023-09-18,"Gallegos, Giovanny"
2023-09-18,"Bibee, Tanner"
2023-09-18,"Ashcraft, Graham"
2023-09-18,"Bader, Harrison"
2023-09-18,"Fermin, Freddy"
2023-09-18,"Perez, Salvador"
2023-09-19,"Brantley, Michael"
2023-09-19,"Madrigal, Nick"
2023-09-19,"Arraez, Luis"
2023-09-19,"Blankenhorn, Travis"
2023-09-19,"Hicks, Aaron"
2023-09-19,"Machado, Manny"
2023-09-19,"McCutchen, Andrew"
2023-09-19,"Ashcraft, Graham"
2023-09-19,"Keller, Brad"
2023-09-19,"Singer, Brady"
2023-09-19,"Faedo, Alex"
2023-09-19,"Baez, Javier"
2023-09-19,"Greene, Riley"
2023-09-19,"Correa, Carlos"
2023-09-19,"Pereira, Everson"
2023-09-19,"Nance, Tommy"
2023-09-20,"Grichuk, Randal"
2023-09-20,"Newcomb, Sean"
2023-09-20,"Guerrero, Vladimir"
2023-09-20,"Peguero, Elvis"
2023-09-20,"Burleson, Alec"
2023-09-20,"Cobb, Alex"
2023-09-20,"Winn, Keaton"
2023-09-20,"Mountcastle, Ryan"
2023-09-20,"Abreu, Wilyer"
2023-09-20,"Correa, Carlos"
2023-09-20,"Lewis, Royce"
2023-09-20,"Santos, Gregory"
2023-09-20,"Greene, Riley"
2023-09-20,"Greene, Riley"
2023-09-21,"Taylor, Tyrone"
2023-09-21,"Contreras, Willson"
2023-09-21,"Crawford, Brandon"
2023-09-21,"Raley, Luke"
2023-09-22,"Loup, Aaron"
2023-09-22,"Fried, Max"
2023-09-22,"Carlson, Dylan"
2023-09-22,"Arenado, Nolan"
2023-09-22,"Contreras, Willson"
2023-09-22,"Irvin, Jake"
2023-09-22,"Hill, Tim"
2023-09-22,"Holderman, Colin"
2023-09-22,"Lowe, Brandon"
2023-09-22,"Raley, Luke"
2023-09-22,"Urias, Luis"
2023-09-22,"Lewis, Royce"
2023-09-22,"Kopech, Michael"
2023-09-22,"Peralta, Wandy"
2023-09-23,"Kemp, Tony"
2023-09-23,"Boxberger, Brad"
2023-09-23,"Alexander, Scott"
2023-09-23,"Allen, Logan"
2023-09-23,"Naylor, Bo"
2023-09-23,"Perez, Eury"
2023-09-23,"Lowe, Brandon"
2023-09-23,"Adam, Jason"
2023-09-23,"Arozarena, Randy"
2023-09-23,"Faucher, Calvin"
2023-09-24,"Cron, C.J."
2023-09-24,"Trout, Mike"
2023-09-24,"Anderson, Tyler"
2023-09-24,"Morton, Charlie"
2023-09-24,"Marte, Ketel"
2023-09-24,"Bibee, Tanner"
2023-09-24,"Arraez, Luis"
2023-09-24,"Nimmo, Brandon"
2023-09-24,"Falter, Bailey"
2023-09-24,"Scholtens, Jesse"
2023-09-24,"Moran, Jovani"
2023-09-25,"Flores, Wilmer"
2023-09-25,"Kahnle, Tommy"
2023-09-26,"Sandoval, Patrick"
2023-09-26,"Junis, Jake"
2023-09-26,"Diaz, Yandy"
2023-09-26,"Lambert, Jimmy"
2023-09-26,"Robert, Luis"
2023-09-27,"Loup, Aaron"
2023-09-27,"McCormick, Chas"
2023-09-27,"Bukauskas, J.B."
2023-09-27,"Jameson, Drey"
2023-09-27,"Gurriel, Lourdes"
2023-09-27,"Davis, J.D."
2023-09-27,"Arias, Gabriel"
2023-09-27,"Bard, Daniel"
2023-09-27,"Bryant, Kris"
2023-09-27,"Feltner, Ryan"
2023-09-28,"Davis, J.D."
2023-09-28,"McNeil, Jeff"
2023-09-28,"Martin, Chris"
2023-09-29,"Brown, Seth"
2023-09-29,"Haniger, Mitch"
2023-09-29,"Adams, Riley"
2023-09-29,"Rutschman, Adley"
2023-09-29,"Urias, Ramon"
2023-09-29,"Gray, Jon"
2023-09-29,"Duarte, Daniel"
2023-09-30,"Hoerner, Nico"
2023-09-30,"Rojas, Miguel"
2023-09-30,"Nimmo, Brandon"
2023-09-30,"Musgrove, Joe"
2023-09-30,"Campusano-Bracero, Luis"
2023-09-30,"Covey, Dylan"
2023-09-30,"Polanco, Jorge"
2023-09-30,"Dominguez, Jasson"
2023-09-30,"Uelmen, Erich"
2023-10-01,"Stephens, Jackson"
2023-10-01,"Fulmer, Michael"
2023-10-01,"Madrigal, Nick"
2023-10-01,"Hoerner, Nico"
2023-10-01,"Anderson, Chase"
2023-10-01,"Keuchel, Dallas"
2023-10-02,"Woodruff, Brandon"
2023-10-02,"Dominguez, Jasson"
2023-10-03,"Machado, Manny"
2023-10-06,"Alcantara, Sandy"
2023-10-06,"Perdomo, Angel"
2023-10-07,"Graveman, Kendall"
2023-10-07,"Wright, Kyle"
2023-10-07,"Means, John"
2023-10-09,"Bautista, Felix"
2023-10-11,"Wright, Kyle"
2023-10-11,"Kirilloff, Alex"
2023-10-24,"Kirilloff, Alex"
2023-10-30,"Walls, Taylor"
2023-10-31,"Cobb, Alex"
2023-10-31,"Adolis, (Jose)"
2023-11-03,"Kershaw, Clayton"
2023-11-06,"Peterson, David"
2023-12-06,"Oviedo, Johan"
2023-12-12,"Mauricio, Ronny"
2023-12-12,"Rodriguez, Endy"
2023-12-15,"Scherzer, Max"
2023-12-20,"Newcomb, Sean"
